{"name":"Form root","localizedNames":{},"localizedDescriptions":{},"rmType":"FORM_DEFINITION","min":0,"max":0,"formId":"form_root","viewConfig":{"label":{"custom":false,"useLocalizations":false},"size":{"field":"inherit","label":"inherit"},"layout":{"label":{"valign":"inherit","align":"inherit"},"field":{"valign":"inherit","align":"inherit"}},"annotations":{}},"children":[{"name":"Angina symptom klassifisering","localizedName":"Angina symptom klassifisering","localizedNames":{"en":"*Angina symptom klassifisering (en)","nb":"Angina symptom klassifisering"},"localizedDescriptions":{"nb":"Interaksjon, kontakt eller omsorgshendelse mellom et individ og helsepersonell.","en":"*Interaksjon, kontakt eller omsorgshendelse mellom et individ og helsepersonell. (nb)"},"rmType":"COMPOSITION","nodeId":"openEHR-EHR-COMPOSITION.encounter.v1","min":1,"max":1,"aqlPath":"/","inputs":[],"formId":"angina_symptom_klassifisering","viewConfig":{"multiplicity":{"min":1,"max":1},"advanced":{"hidden":false,"readonly":false,"hideFrame":false,"render":false},"label":{"custom":false,"useLocalizations":false},"size":{"field":"inherit","label":"inherit"},"layout":{"label":{"valign":"inherit","align":"inherit"},"field":{"valign":"inherit","align":"inherit"}},"annotations":{},"field":{}},"children":[{"name":"Start time","localizedName":"Tidspunkt","localizedNames":{"en":"Time","nb":"Tidspunkt"},"localizedDescriptions":{},"rmType":"DV_DATE_TIME","min":0,"max":1,"aqlPath":"/context/start_time","inputs":[{"type":"DATETIME","listOpen":false}],"formId":"angina_symptom_klassifisering/start_time","viewConfig":{"multiplicity":{"min":0,"max":1},"advanced":{"hidden":false,"readonly":false,"hideFrame":false,"render":false},"label":{"custom":false,"useLocalizations":false},"size":{"field":"inherit","label":"inherit"},"layout":{"label":{"valign":"inherit","align":"inherit"},"field":{"valign":"inherit","align":"inherit"}},"annotations":{"calcId":"ctxTime"},"field":{"input":{"hideTime":false,"dateFormat":"","hideDate":false}}}},{"name":"Anamnese","localizedName":"Anamnese","localizedNames":{"en":"*Anamnese (nb)","nb":"Anamnese"},"localizedDescriptions":{"nb":"Et individs sykehistorie/anamnese, som fortalt til kliniker eller dokumentert direkte av individet.","en":"*Et individs sykehistorie/anamnese, som fortalt til kliniker eller dokumentert direkte av individet. (nb)"},"rmType":"OBSERVATION","nodeId":"openEHR-EHR-OBSERVATION.story.v1","min":1,"max":1,"aqlPath":"/content[openEHR-EHR-OBSERVATION.story.v1]","inputs":[],"formId":"angina_symptom_klassifisering/anamnese","viewConfig":{"multiplicity":{"min":1,"max":1},"advanced":{"hidden":false,"readonly":false,"hideFrame":false,"render":false},"label":{"custom":false,"useLocalizations":false},"size":{"field":"inherit","label":"inherit"},"layout":{"label":{"valign":"inherit","align":"inherit"},"field":{"valign":"inherit","align":"inherit"}},"annotations":{},"field":{}},"children":[{"name":"Origin","localizedName":"Origin","localizedNames":{"en":"*Origin (en)","nb":"Origin"},"localizedDescriptions":{},"rmType":"DV_DATE_TIME","min":0,"max":1,"aqlPath":"/content[openEHR-EHR-OBSERVATION.story.v1]/data[at0001]/origin","inputs":[{"type":"DATETIME","listOpen":false}],"formId":"angina_symptom_klassifisering/anamnese/event_series/origin","viewConfig":{"multiplicity":{"min":0,"max":1},"advanced":{"hidden":true,"readonly":true,"hideFrame":false,"render":false},"label":{"custom":false,"useLocalizations":false},"size":{"field":"inherit","label":"inherit"},"layout":{"label":{"valign":"inherit","align":"inherit"},"field":{"valign":"inherit","align":"inherit"}},"annotations":{"calc":"$ctxTime"},"field":{"input":{"hideTime":false,"dateFormat":"","hideDate":false}}}},{"name":"Anamnese","localizedName":"Anamnese","localizedNames":{"en":"*Anamnese (nb)","nb":"Anamnese"},"localizedDescriptions":{"nb":"Narrativ beskrivelse av sykehistorie/anamnese.","en":"*Narrativ beskrivelse av sykehistorie/anamnese. (nb)"},"rmType":"DV_TEXT","nodeId":"at0004","min":0,"max":1,"aqlPath":"/content[openEHR-EHR-OBSERVATION.story.v1]/data[at0001]/events[at0002]/data[at0003]/items[at0004]/value","inputs":[{"type":"TEXT","list":[],"listOpen":false}],"formId":"angina_symptom_klassifisering/anamnese/uspesifisert_hendelse/anamnese","viewConfig":{"multiplicity":{"min":0,"max":1},"advanced":{"hidden":false,"readonly":false,"hideFrame":false,"render":false},"label":{"custom":false,"useLocalizations":false},"size":{"field":"inherit","label":"-1"},"layout":{"label":{"valign":"inherit","align":"inherit"},"field":{"valign":"inherit","align":"inherit"}},"datasource":{"loadRemote":false,"parameters":{}},"annotations":{},"field":{"lines":"3","input":{"lines":3},"formatting":"markdown"},"tags":["HideLabel"]}}]},{"name":"Angina symptom klassifisering (CCS)","localizedName":"Angina symptom klassifisering (CCS)","localizedNames":{"en":"*Angina symptom klassifisering (CCS) (nb)","nb":"Angina symptom klassifisering (CCS)"},"localizedDescriptions":{"nb":"*Angina symptom score based on Canadian Cardiovascular Society (CCS) Angina Status score.(en)","en":"**Angina symptom score based on Canadian Cardiovascular Society (CCS) Angina Status score.(en) (nb)"},"rmType":"OBSERVATION","nodeId":"openEHR-EHR-OBSERVATION.ccs_angina_status.v0","min":1,"max":1,"aqlPath":"/content[openEHR-EHR-OBSERVATION.ccs_angina_status.v0]","inputs":[],"formId":"angina_symptom_klassifisering/angina_symptom_klassifisering_(ccs)","viewConfig":{"multiplicity":{"min":1,"max":1},"advanced":{"hidden":false,"readonly":false,"hideFrame":false,"render":false},"label":{"custom":false,"useLocalizations":false},"size":{"field":"inherit","label":"inherit"},"layout":{"label":{"valign":"inherit","align":"inherit"},"field":{"valign":"inherit","align":"inherit"}},"annotations":{},"field":{}},"children":[{"name":"Origin","localizedName":"Origin","localizedNames":{"en":"*Origin (en)","nb":"Origin"},"localizedDescriptions":{},"rmType":"DV_DATE_TIME","min":0,"max":1,"aqlPath":"/content[openEHR-EHR-OBSERVATION.ccs_angina_status.v0]/data[at0001]/origin","inputs":[{"type":"DATETIME","listOpen":false}],"formId":"angina_symptom_klassifisering/angina_symptom_klassifisering_(ccs)/*event_series(en)/origin","viewConfig":{"multiplicity":{"min":0,"max":1},"advanced":{"hidden":true,"readonly":false,"hideFrame":false,"render":false},"label":{"custom":false,"useLocalizations":false},"size":{"field":"inherit","label":"inherit"},"layout":{"label":{"valign":"inherit","align":"inherit"},"field":{"valign":"inherit","align":"inherit"}},"annotations":{"calc":"$ctxTime"},"field":{"input":{"hideTime":false,"dateFormat":"","hideDate":false}}}},{"name":"Angina klassifisering","localizedName":"Angina klassifisering","localizedNames":{"en":"*Angina klassifisering (nb)","nb":"Angina klassifisering"},"localizedDescriptions":{"nb":"Angina symptom score based on Canadian Cardiovascular Society (CCS) Angina Status classification.","en":"*Angina symptom score based on Canadian Cardiovascular Society (CCS) Angina Status classification. (nb)"},"rmType":"DV_ORDINAL","nodeId":"at0004","min":0,"max":1,"aqlPath":"/content[openEHR-EHR-OBSERVATION.ccs_angina_status.v0]/data[at0001]/events[at0002]/data[at0003]/items[at0004]/value","inputs":[{"type":"CODED_TEXT","list":[{"value":"at0005","label":"Klasse 0","ordinal":0,"localizedLabels":{"nb":"Klasse 0","en":"*Klasse 0 (nb)"},"localizedDescriptions":{"nb":"Pasienten har ingen angina symptomer","en":"*Pasienten har ingen angina symptomer (nb)"}},{"value":"at0006","label":"Klasse I","ordinal":1,"localizedLabels":{"nb":"Klasse I","en":"*Klasse I (nb)"},"localizedDescriptions":{"nb":"Angine som ikke påvirker vanlig fysisk aktivitet","en":"*Angine som ikke påvirker vanlig fysisk aktivitet (nb)"}},{"value":"at0007","label":"Klasse II","ordinal":2,"localizedLabels":{"nb":"Klasse II","en":"*Klasse II (nb)"},"localizedDescriptions":{"nb":"Lett påvirking av vanlige aktiviteter","en":"*Lett påvirking av vanlige aktiviteter (nb)"}},{"value":"at0008","label":"Klasse III","ordinal":3,"localizedLabels":{"nb":"Klasse III","en":"*Klasse III (nb)"},"localizedDescriptions":{"nb":"Tydelig begrensning av vanlig fysisk aktivitet","en":"*Tydelig begrensning av vanlig fysisk aktivitet (nb)"}},{"value":"at0009","label":"Klasse IV","ordinal":4,"localizedLabels":{"nb":"Klasse IV","en":"*Klasse IV (nb)"},"localizedDescriptions":{"nb":"Ikke i stand til å utføre fysisk aktivieten uten ubehag","en":"*Ikke i stand til å utføre fysisk aktivieten uten ubehag (nb)"}}],"listOpen":false}],"formId":"angina_symptom_klassifisering/angina_symptom_klassifisering_(ccs)/*any_event(en)/angina_klassifisering","viewConfig":{"multiplicity":{"min":0,"max":1},"advanced":{"hidden":false,"readonly":false,"hideFrame":false,"render":false},"label":{"custom":false,"useLocalizations":false},"size":{"field":"inherit","label":"-1"},"layout":{"label":{"valign":"inherit","align":"inherit"},"field":{"valign":"inherit","align":"inherit"}},"annotations":{},"field":{"presentation":"radios","columns":"1","input":{"presentation":"radios","columns":"1"}},"tags":["HideLabel"]}}]},{"name":"Anbefaling","localizedName":"Anbefaling","localizedNames":{"en":"*Anbefaling (nb)","nb":"Anbefaling"},"localizedDescriptions":{"nb":"Et forslag, råd eller anmodning om klinisk oppfølging.","en":"*Et forslag, råd eller anmodning om klinisk oppfølging. (nb)"},"rmType":"EVALUATION","nodeId":"openEHR-EHR-EVALUATION.recommendation.v1","min":1,"max":1,"aqlPath":"/content[openEHR-EHR-EVALUATION.recommendation.v1]","inputs":[],"formId":"angina_symptom_klassifisering/anbefaling","viewConfig":{"multiplicity":{"min":1,"max":1},"advanced":{"hidden":false,"readonly":false,"hideFrame":false,"render":false},"label":{"custom":false,"useLocalizations":false},"size":{"field":"inherit","label":"inherit"},"layout":{"label":{"valign":"inherit","align":"inherit"},"field":{"valign":"inherit","align":"inherit"}},"annotations":{},"field":{}},"children":[{"name":"Anbefaling","localizedName":"Anbefaling","localizedNames":{"en":"*Anbefaling (nb)","nb":"Anbefaling"},"localizedDescriptions":{"nb":"Fritekstbeskrivelse av anbefalingen.","en":"*Fritekstbeskrivelse av anbefalingen. (nb)"},"rmType":"DV_TEXT","nodeId":"at0002","min":0,"max":1,"aqlPath":"/content[openEHR-EHR-EVALUATION.recommendation.v1]/data[at0001]/items[at0002]/value","inputs":[{"type":"TEXT","list":[],"listOpen":false}],"formId":"angina_symptom_klassifisering/anbefaling/anbefaling","viewConfig":{"multiplicity":{"min":0,"max":1},"advanced":{"hidden":false,"readonly":false,"hideFrame":false,"render":false},"label":{"custom":false,"useLocalizations":false},"size":{"field":"inherit","label":"inherit"},"layout":{"label":{"valign":"inherit","align":"inherit"},"field":{"valign":"inherit","align":"inherit"}},"datasource":{"loadRemote":false,"parameters":{}},"annotations":{},"field":{"lines":null,"input":{},"formatting":null}}}]},{"name":"Klinisk sammendrag","localizedName":"Klinisk sammendrag","localizedNames":{"en":"*Klinisk sammendrag (nb)","nb":"Klinisk sammendrag"},"localizedDescriptions":{"nb":"Fritekstsammendrag eller oversikt om en pasient fra helsepersonellets perspektiv, med eller uten tilhørende fortolkninger.","en":"*Fritekstsammendrag eller oversikt om en pasient fra helsepersonellets perspektiv, med eller uten tilhørende fortolkninger. (nb)"},"rmType":"EVALUATION","nodeId":"openEHR-EHR-EVALUATION.clinical_synopsis.v1","min":1,"max":1,"aqlPath":"/content[openEHR-EHR-EVALUATION.clinical_synopsis.v1]","inputs":[],"formId":"angina_symptom_klassifisering/klinisk_sammendrag","viewConfig":{"multiplicity":{"min":1,"max":1},"advanced":{"hidden":false,"readonly":false,"hideFrame":false,"render":false},"label":{"custom":false,"useLocalizations":false},"size":{"field":"inherit","label":"inherit"},"layout":{"label":{"valign":"inherit","align":"inherit"},"field":{"valign":"inherit","align":"inherit"}},"annotations":{"IncludeIfContainerHasValue":"true"},"field":{}},"children":[{"name":"Sammendrag","localizedName":"Sammendrag","localizedNames":{"en":"*Sammendrag (nb)","nb":"Sammendrag"},"localizedDescriptions":{"nb":"Oppsummering, vurdering, konklusjoner eller evaluering av de kliniske funnene.","en":"*Oppsummering, vurdering, konklusjoner eller evaluering av de kliniske funnene. (nb)"},"rmType":"DV_TEXT","nodeId":"at0002","min":1,"max":1,"aqlPath":"/content[openEHR-EHR-EVALUATION.clinical_synopsis.v1]/data[at0001]/items[at0002]/value","inputs":[{"type":"TEXT","list":[],"listOpen":false}],"formId":"angina_symptom_klassifisering/klinisk_sammendrag/sammendrag","viewConfig":{"multiplicity":{"min":1,"max":1},"advanced":{"hidden":false,"readonly":false,"hideFrame":false,"render":false},"label":{"custom":false,"useLocalizations":false},"size":{"field":"inherit","label":"-1"},"layout":{"label":{"valign":"inherit","align":"inherit"},"field":{"valign":"inherit","align":"inherit"}},"datasource":{"loadRemote":false,"parameters":{}},"annotations":{},"field":{"lines":"3","input":{"lines":3},"formatting":null},"tags":["HideLabel"]}}]}]}]}