[{"col":1,"row":1,"width":18,"height":78,"children":[{"id":"angina_symptom_klassifisering","rows":[{"cols":[{"width":"100%","children":[{"id":"angina_symptom_klassifisering/anamnese","rows":[{"cols":[{"width":"100%","children":[{"id":"angina_symptom_klassifisering/anamnese/event_series/origin","rows":[]},{"id":"angina_symptom_klassifisering/anamnese/uspesifisert_hendelse/anamnese","rows":[]}]}]}]},{"id":"generic-field-58587","rows":[{"cols":[{"width":"50%","children":[{"id":"angina_symptom_klassifisering/angina_symptom_klassifisering_(ccs)","rows":[{"cols":[{"width":"100%","children":[{"id":"angina_symptom_klassifisering/angina_symptom_klassifisering_(ccs)/*event_series(en)/origin","rows":[]},{"id":"angina_symptom_klassifisering/angina_symptom_klassifisering_(ccs)/*any_event(en)/angina_klassifisering","rows":[]}]}]}]}]},{"width":"50%","children":[{"id":"angina_symptom_klassifisering/anbefaling","rows":[{"cols":[{"width":"100%","children":[{"id":"angina_symptom_klassifisering/anbefaling/anbefaling","rows":[]}]}]}]}]}]}]},{"id":"angina_symptom_klassifisering/klinisk_sammendrag","rows":[{"cols":[{"width":"100%","children":[{"id":"angina_symptom_klassifisering/klinisk_sammendrag/sammendrag","rows":[]}]}]}]},{"id":"angina_symptom_klassifisering/start_time","rows":[]}]}]}]}]}]